﻿Designator,Footprint,Quantity,Value,LCSC Part #
"D1, D2, D3",0805,3,LED,C34499
"D10, D11, D12, D13, D14, D15, D16, D17, D18, D19, D20, D21, D22, D23, D24, D4, D5, D6, D7, D8, D9",0805,21,LED,
"R1, R2, R3",0603,3,240,C23350
"R10, R11, R12, R13, R14, R15, R16, R17, R18, R19, R20, R21, R22, R23, R24, R4, R5, R6, R7, R8, R9",0603,21,330,
"R25, R26, R27",0603,3,1k,
"TP1, TP10, TP2, TP3, TP4, TP5, TP6, TP7, TP8, TP9",TestPoint_Pad_1.5x1.5mm,10,TestPoint,
"U1, U2, U3",SOIC-16_3.9x9.9mm_P1.27mm,3,74AHCT595,
